/*
SQLyog Ultimate v12.08 (64 bit)
MySQL - 5.7.18 : Database - scscmsdb
*********************************************************************
*/

/*!40101 SET NAMES utf8 */;

/*!40101 SET SQL_MODE=''*/;

/*!40014 SET @OLD_UNIQUE_CHECKS=@@UNIQUE_CHECKS, UNIQUE_CHECKS=0 */;
/*!40014 SET @OLD_FOREIGN_KEY_CHECKS=@@FOREIGN_KEY_CHECKS, FOREIGN_KEY_CHECKS=0 */;
/*!40101 SET @OLD_SQL_MODE=@@SQL_MODE, SQL_MODE='NO_AUTO_VALUE_ON_ZERO' */;
/*!40111 SET @OLD_SQL_NOTES=@@SQL_NOTES, SQL_NOTES=0 */;
CREATE DATABASE /*!32312 IF NOT EXISTS*/`scscmsdb` /*!40100 DEFAULT CHARACTER SET utf8 */;

USE `scscmsdb`;

/*Table structure for table `article` */

DROP TABLE IF EXISTS `article`;

CREATE TABLE `article` (
  `id` int(10) unsigned NOT NULL AUTO_INCREMENT COMMENT '主键',
  `sort_id` int(10) unsigned NOT NULL DEFAULT '0' COMMENT '分类ID',
  `user_id` int(10) unsigned NOT NULL DEFAULT '0' COMMENT '用户ID',
  `title` char(100) NOT NULL DEFAULT '' COMMENT '文章标题',
  `description` char(255) NOT NULL DEFAULT '' COMMENT '文章描述',
  `thumbnail` char(255) NOT NULL DEFAULT '' COMMENT '缩略图(新增)',
  `content` text CHARACTER SET utf8 COLLATE utf8_unicode_ci NOT NULL COMMENT '文章内容',
  `passed` int(1) NOT NULL DEFAULT '0' COMMENT '审核状态',
  `read_type` tinyint(4) NOT NULL DEFAULT '0' COMMENT '阅读权限（参阅用户类型）',
  `create_time` timestamp(6) NOT NULL DEFAULT CURRENT_TIMESTAMP(6) COMMENT '发表时间',
  `update_time` timestamp(6) NOT NULL DEFAULT CURRENT_TIMESTAMP(6) ON UPDATE CURRENT_TIMESTAMP(6) COMMENT '修改时间',
  `article_extend` text CHARACTER SET utf8 COLLATE utf8_unicode_ci COMMENT '扩展信息',
  PRIMARY KEY (`id`),
  KEY `sort_id` (`sort_id`) USING BTREE,
  KEY `user_id` (`user_id`) USING BTREE
) ENGINE=InnoDB AUTO_INCREMENT=2 DEFAULT CHARSET=utf8 COMMENT='文章数据库表';

/*Data for the table `article` */

insert  into `article`(`id`,`sort_id`,`user_id`,`title`,`description`,`thumbnail`,`content`,`passed`,`read_type`,`create_time`,`update_time`,`article_extend`) values (1,1,1,'人生在勤！习近平送给奋斗者的八个名句','新闻频道新闻频道','','<p>东风随春归，发我枝上花。春天是起点，是成长，是希望。结束春节假期，带着美好的祝福，踏着春天的脚步，新时代的我们再一次出发。</p><p>今年是新中国成立70周年，是全面建成小康社会、实现第一个百年奋斗目标的关键之年。初春时节，央视网梳理习近平总书记引用的八句古典名句，送给正在奋斗路上的你。</p>',1,4,'2019-02-15 09:53:53.000000','2019-02-15 09:53:53.917811','{\"pic\":\"\"}');

/*Table structure for table `logs` */

DROP TABLE IF EXISTS `logs`;

CREATE TABLE `logs` (
  `id` int(11) NOT NULL AUTO_INCREMENT,
  `opt_user` varchar(50) NOT NULL COMMENT '操作人',
  `opt_content` varchar(100) NOT NULL COMMENT '操作内容',
  `opt_time` datetime NOT NULL COMMENT '操作时间',
  `opt_ip` varchar(20) NOT NULL COMMENT '操作人ip地址',
  `isdelete` int(1) DEFAULT '1',
  PRIMARY KEY (`id`)
) ENGINE=InnoDB AUTO_INCREMENT=4 DEFAULT CHARSET=utf8;

/*Data for the table `logs` */

insert  into `logs`(`id`,`opt_user`,`opt_content`,`opt_time`,`opt_ip`,`isdelete`) values (1,'admin','添加合同编号：643555,员工姓名：gsdfdsaf,名册id:1  结果：操作成功','2019-02-16 11:39:28','127.0.0.1',1),(2,'admin','添加合同编号：223215,员工姓名：tami,名册id:4  结果：操作成功','2019-02-16 12:18:17','127.0.0.1',1),(3,'admin','excel导入,生成id集合为:85,86,87,88,89,90,91,92,93,94,95,操作人：admin,关联名册ID:5','2019-02-16 23:19:24','127.0.0.1',1);

/*Table structure for table `members_group` */

DROP TABLE IF EXISTS `members_group`;

CREATE TABLE `members_group` (
  `id` int(11) NOT NULL AUTO_INCREMENT,
  `roster_id` int(11) NOT NULL COMMENT '花名册id',
  `contract_no` varchar(50) NOT NULL COMMENT '合同编号',
  `username` varchar(50) NOT NULL COMMENT '姓名',
  `member_sex` varchar(10) DEFAULT NULL COMMENT '男，女',
  `identity_id` varchar(20) NOT NULL COMMENT '身份证号',
  `telephone` varchar(11) NOT NULL COMMENT '联系方式',
  `zhide_entry_time` date DEFAULT NULL COMMENT '(至德)入职日期',
  `zhide_quit_time` date DEFAULT NULL COMMENT '(至德)离职日期',
  `factory_entry_time` date DEFAULT NULL COMMENT '(厂方)入职日期',
  `factory_quit_time` date DEFAULT NULL COMMENT '(厂方)离职日期',
  `quit_work_type` varchar(30) DEFAULT NULL COMMENT '离职类型:  正常离职、旷离、劝退、开除',
  `salary_standard` int(20) DEFAULT NULL COMMENT '薪资标准',
  `bank_card` varchar(30) DEFAULT NULL COMMENT '银行卡号',
  `bank_name` varchar(50) DEFAULT NULL COMMENT '开户行',
  `bank_addr` varchar(50) DEFAULT NULL COMMENT '开户地',
  `member_source` varchar(50) DEFAULT NULL COMMENT '来源',
  `reference_fee` varchar(50) DEFAULT NULL COMMENT '参考返费',
  `medical_invoice` varchar(20) DEFAULT NULL COMMENT '体检发票：已交/未交',
  `data_in` varchar(20) DEFAULT NULL COMMENT '资料入库：已入/未入',
  `content_1` varchar(100) DEFAULT NULL COMMENT '其他1',
  `content_2` varchar(100) DEFAULT NULL COMMENT '其他2',
  `opt_user` varchar(50) NOT NULL COMMENT '操作人',
  `create_time` datetime DEFAULT NULL COMMENT '创建时间',
  `isdelete` int(11) NOT NULL DEFAULT '1',
  PRIMARY KEY (`id`)
) ENGINE=InnoDB AUTO_INCREMENT=96 DEFAULT CHARSET=utf8mb4;

/*Data for the table `members_group` */

insert  into `members_group`(`id`,`roster_id`,`contract_no`,`username`,`member_sex`,`identity_id`,`telephone`,`zhide_entry_time`,`zhide_quit_time`,`factory_entry_time`,`factory_quit_time`,`quit_work_type`,`salary_standard`,`bank_card`,`bank_name`,`bank_addr`,`member_source`,`reference_fee`,`medical_invoice`,`data_in`,`content_1`,`content_2`,`opt_user`,`create_time`,`isdelete`) values (1,3,'9087677584561','李虎','男','320989197604259879','18612345678','2019-02-15','2019-02-15','2019-02-15','2019-02-15','在职',5000,'6224098912348790','工商银行','无锡新安支行','内荐','500','已交','已交',NULL,NULL,'',NULL,1),(19,2,'35468542','郝鹏航','男','37012319980824381X','15688409124','2018-03-13','2018-03-14','2018-03-15','2018-03-16','正常离职',5000,'6.21723110300128e18','工行','无锡','安诺','500','已交','未入库',' ',' ','admin','2019-02-16 22:13:24',1),(20,2,'35468542','李梅','女','37012319980824381X','15688409124','2018-03-13','2018-03-14','2018-03-15','2018-03-16','正常离职',6400,'6.21723110300128e18','工行','无锡','安诺','500','已交','未入库',' ',' ','admin','2019-02-16 22:13:24',1),(21,2,'35468542','张三','男','37012319980824381X','15688409124','2018-03-13','2018-03-14','2018-03-15','2018-03-16','正常离职',5000,'6.21723110300128e18','工行','无锡','安诺','500','已交','未入库',' ',' ','admin','2019-02-16 22:13:24',1),(22,2,'35468542','李四','女','37012319980824381X','15688409124','2018-03-13','2018-03-14','2018-03-15','2018-03-16','正常离职',5000,'6.21723110300128e18','工行','无锡','安诺','500','已交','未入库',' ',' ','admin','2019-02-16 22:13:24',1),(23,2,'35468542','赵武','男','37012319980824381X','15688409124','2018-03-13','2018-03-14','2018-03-15','2018-03-16','正常离职',6000,'6.21723110300128e18','工行','无锡','安诺','500','已交','未入库',' ',' ','admin','2019-02-16 22:13:24',1),(24,2,'35468542','孙刘','女','37012319980824381X','15688409124','2018-03-13','2018-03-14','2018-03-15','2018-03-16','正常离职',4500,'6.21723110300128e18','工行','无锡','安诺','500','已交','未入库',' ',' ','admin','2019-02-16 22:13:24',1),(25,2,'35468542','邓超','男','37012319980824381X','15688409124','2018-03-13','2018-03-14','2018-03-15','2018-03-16','正常离职',1000,'6.21723110300128e18','工行','无锡','安诺','500','已交','未入库',' ',' ','admin','2019-02-16 22:13:24',1),(26,2,'35468542','孙斌','男','37012319980824381X','15688409124','2018-03-13','2018-03-14','2018-03-15','2018-03-16','正常离职',3500,'6.21723110300128e18','工行','无锡','安诺','500','已交','未入库',' ',' ','admin','2019-02-16 22:13:24',1),(27,2,'35468542','理想','女','37012319980824381X','15688409124','2018-03-13','2018-03-14','2018-03-15','2018-03-16','正常离职',2800,'6.21723110300128e18','工行','无锡','安诺','500','已交','未入库',' ',' ','admin','2019-02-16 22:13:24',1),(28,2,'35468542','其余','女','37012319980824381X','15688409124','2018-03-13','2018-03-14','2018-03-15','2018-03-16','正常离职',7500,'6.21723110300128e18','工行','无锡','安诺','500','已交','未入库',' ',' ','admin','2019-02-16 22:13:24',1),(29,2,'35468542','郝佳美','女','37012319980824381X','15688409124','2018-03-13','2018-03-14','2018-03-15','2018-03-16','正常离职',8500,'6.21723110300128e18','工行','无锡','安诺','500','已交','未入库',' ',' ','admin','2019-02-16 22:13:24',1),(30,4,'35468542','郝鹏航','男','37012319980824381X','15688409124','2018-03-13','2018-03-14','2018-03-15','2018-03-16','正常离职',5000,'6.21723110300128e18','工行','无锡','安诺','500','已交','未入库',' ',' ','admin','2019-02-16 22:24:49',1),(31,4,'35468542','李梅','女','37012319980824381X','15688409124','2018-03-13','2018-03-14','2018-03-15','2018-03-16','正常离职',6400,'6.21723110300128e18','工行','无锡','安诺','500','已交','未入库',' ',' ','admin','2019-02-16 22:24:49',1),(32,4,'35468542','张三','男','37012319980824381X','15688409124','2018-03-13','2018-03-14','2018-03-15','2018-03-16','正常离职',5000,'6.21723110300128e18','工行','无锡','安诺','500','已交','未入库',' ',' ','admin','2019-02-16 22:24:49',1),(33,4,'35468542','李四','女','37012319980824381X','15688409124','2018-03-13','2018-03-14','2018-03-15','2018-03-16','正常离职',5000,'6.21723110300128e18','工行','无锡','安诺','500','已交','未入库',' ',' ','admin','2019-02-16 22:24:49',1),(34,4,'35468542','赵武','男','37012319980824381X','15688409124','2018-03-13','2018-03-14','2018-03-15','2018-03-16','正常离职',6000,'6.21723110300128e18','工行','无锡','安诺','500','已交','未入库',' ',' ','admin','2019-02-16 22:24:49',1),(35,4,'35468542','孙刘','女','37012319980824381X','15688409124','2018-03-13','2018-03-14','2018-03-15','2018-03-16','正常离职',4500,'6.21723110300128e18','工行','无锡','安诺','500','已交','未入库',' ',' ','admin','2019-02-16 22:24:49',1),(36,4,'35468542','邓超','男','37012319980824381X','15688409124','2018-03-13','2018-03-14','2018-03-15','2018-03-16','正常离职',1000,'6.21723110300128e18','工行','无锡','安诺','500','已交','未入库',' ',' ','admin','2019-02-16 22:24:49',1),(37,4,'35468542','孙斌','男','37012319980824381X','15688409124','2018-03-13','2018-03-14','2018-03-15','2018-03-16','正常离职',3500,'6.21723110300128e18','工行','无锡','安诺','500','已交','未入库',' ',' ','admin','2019-02-16 22:24:49',1),(38,4,'35468542','理想','女','37012319980824381X','15688409124','2018-03-13','2018-03-14','2018-03-15','2018-03-16','正常离职',2800,'6.21723110300128e18','工行','无锡','安诺','500','已交','未入库',' ',' ','admin','2019-02-16 22:24:49',1),(39,4,'35468542','其余','女','37012319980824381X','15688409124','2018-03-13','2018-03-14','2018-03-15','2018-03-16','正常离职',7500,'6.21723110300128e18','工行','无锡','安诺','500','已交','未入库',' ',' ','admin','2019-02-16 22:24:49',1),(40,4,'35468542','郝佳美','女','37012319980824381X','15688409124','2018-03-13','2018-03-14','2018-03-15','2018-03-16','正常离职',8500,'6.21723110300128e18','工行','无锡','安诺','500','已交','未入库',' ',' ','admin','2019-02-16 22:24:49',1),(41,4,'35468542','郝鹏航','男','37012319980824381X','15688409124','2018-03-13','2018-03-14','2018-03-15','2018-03-16','正常离职',5000,'6.21723110300128e18','工行','无锡','安诺','500','已交','未入库',' ',' ','admin','2019-02-16 23:00:37',1),(42,4,'35468542','李梅','女','37012319980824381X','15688409124','2018-03-13','2018-03-14','2018-03-15','2018-03-16','正常离职',6400,'6.21723110300128e18','工行','无锡','安诺','500','已交','未入库',' ',' ','admin','2019-02-16 23:00:37',1),(43,4,'35468542','张三','男','37012319980824381X','15688409124','2018-03-13','2018-03-14','2018-03-15','2018-03-16','正常离职',5000,'6.21723110300128e18','工行','无锡','安诺','500','已交','未入库',' ',' ','admin','2019-02-16 23:00:37',1),(44,4,'35468542','李四','女','37012319980824381X','15688409124','2018-03-13','2018-03-14','2018-03-15','2018-03-16','正常离职',5000,'6.21723110300128e18','工行','无锡','安诺','500','已交','未入库',' ',' ','admin','2019-02-16 23:00:37',1),(45,4,'35468542','赵武','男','37012319980824381X','15688409124','2018-03-13','2018-03-14','2018-03-15','2018-03-16','正常离职',6000,'6.21723110300128e18','工行','无锡','安诺','500','已交','未入库',' ',' ','admin','2019-02-16 23:00:37',1),(46,4,'35468542','孙刘','女','37012319980824381X','15688409124','2018-03-13','2018-03-14','2018-03-15','2018-03-16','正常离职',4500,'6.21723110300128e18','工行','无锡','安诺','500','已交','未入库',' ',' ','admin','2019-02-16 23:00:37',1),(47,4,'35468542','邓超','男','37012319980824381X','15688409124','2018-03-13','2018-03-14','2018-03-15','2018-03-16','正常离职',1000,'6.21723110300128e18','工行','无锡','安诺','500','已交','未入库',' ',' ','admin','2019-02-16 23:00:37',1),(48,4,'35468542','孙斌','男','37012319980824381X','15688409124','2018-03-13','2018-03-14','2018-03-15','2018-03-16','正常离职',3500,'6.21723110300128e18','工行','无锡','安诺','500','已交','未入库',' ',' ','admin','2019-02-16 23:00:37',1),(49,4,'35468542','理想','女','37012319980824381X','15688409124','2018-03-13','2018-03-14','2018-03-15','2018-03-16','正常离职',2800,'6.21723110300128e18','工行','无锡','安诺','500','已交','未入库',' ',' ','admin','2019-02-16 23:00:37',1),(50,4,'35468542','其余','女','37012319980824381X','15688409124','2018-03-13','2018-03-14','2018-03-15','2018-03-16','正常离职',7500,'6.21723110300128e18','工行','无锡','安诺','500','已交','未入库',' ',' ','admin','2019-02-16 23:00:37',1),(51,4,'35468542','郝佳美','女','37012319980824381X','15688409124','2018-03-13','2018-03-14','2018-03-15','2018-03-16','正常离职',8500,'6.21723110300128e18','工行','无锡','安诺','500','已交','未入库',' ',' ','admin','2019-02-16 23:00:37',1),(52,4,'35468542','郝鹏航','男','37012319980824381X','15688409124','2018-03-13','2018-03-14','2018-03-15','2018-03-16','正常离职',5000,'6.21723110300128e18','工行','无锡','安诺','500','已交','未入库',' ',' ','admin','2019-02-16 23:03:08',1),(53,4,'35468542','李梅','女','37012319980824381X','15688409124','2018-03-13','2018-03-14','2018-03-15','2018-03-16','正常离职',6400,'6.21723110300128e18','工行','无锡','安诺','500','已交','未入库',' ',' ','admin','2019-02-16 23:03:08',1),(54,4,'35468542','张三','男','37012319980824381X','15688409124','2018-03-13','2018-03-14','2018-03-15','2018-03-16','正常离职',5000,'6.21723110300128e18','工行','无锡','安诺','500','已交','未入库',' ',' ','admin','2019-02-16 23:03:08',1),(55,4,'35468542','李四','女','37012319980824381X','15688409124','2018-03-13','2018-03-14','2018-03-15','2018-03-16','正常离职',5000,'6.21723110300128e18','工行','无锡','安诺','500','已交','未入库',' ',' ','admin','2019-02-16 23:03:08',1),(56,4,'35468542','赵武','男','37012319980824381X','15688409124','2018-03-13','2018-03-14','2018-03-15','2018-03-16','正常离职',6000,'6.21723110300128e18','工行','无锡','安诺','500','已交','未入库',' ',' ','admin','2019-02-16 23:03:08',1),(57,4,'35468542','孙刘','女','37012319980824381X','15688409124','2018-03-13','2018-03-14','2018-03-15','2018-03-16','正常离职',4500,'6.21723110300128e18','工行','无锡','安诺','500','已交','未入库',' ',' ','admin','2019-02-16 23:03:08',1),(58,4,'35468542','邓超','男','37012319980824381X','15688409124','2018-03-13','2018-03-14','2018-03-15','2018-03-16','正常离职',1000,'6.21723110300128e18','工行','无锡','安诺','500','已交','未入库',' ',' ','admin','2019-02-16 23:03:08',1),(59,4,'35468542','孙斌','男','37012319980824381X','15688409124','2018-03-13','2018-03-14','2018-03-15','2018-03-16','正常离职',3500,'6.21723110300128e18','工行','无锡','安诺','500','已交','未入库',' ',' ','admin','2019-02-16 23:03:08',1),(60,4,'35468542','理想','女','37012319980824381X','15688409124','2018-03-13','2018-03-14','2018-03-15','2018-03-16','正常离职',2800,'6.21723110300128e18','工行','无锡','安诺','500','已交','未入库',' ',' ','admin','2019-02-16 23:03:08',1),(61,4,'35468542','其余','女','37012319980824381X','15688409124','2018-03-13','2018-03-14','2018-03-15','2018-03-16','正常离职',7500,'6.21723110300128e18','工行','无锡','安诺','500','已交','未入库',' ',' ','admin','2019-02-16 23:03:08',1),(62,4,'35468542','郝佳美','女','37012319980824381X','15688409124','2018-03-13','2018-03-14','2018-03-15','2018-03-16','正常离职',8500,'6.21723110300128e18','工行','无锡','安诺','500','已交','未入库',' ',' ','admin','2019-02-16 23:03:08',1),(63,4,'35468542','郝鹏航','男','37012319980824381X','15688409124','2018-03-13','2018-03-14','2018-03-15','2018-03-16','正常离职',5000,'6.21723110300128e18','工行','无锡','安诺','500','已交','未入库',' ',' ','admin','2019-02-16 23:06:09',1),(64,4,'35468542','李梅','女','37012319980824381X','15688409124','2018-03-13','2018-03-14','2018-03-15','2018-03-16','正常离职',6400,'6.21723110300128e18','工行','无锡','安诺','500','已交','未入库',' ',' ','admin','2019-02-16 23:06:09',1),(65,4,'35468542','张三','男','37012319980824381X','15688409124','2018-03-13','2018-03-14','2018-03-15','2018-03-16','正常离职',5000,'6.21723110300128e18','工行','无锡','安诺','500','已交','未入库',' ',' ','admin','2019-02-16 23:06:09',1),(66,4,'35468542','李四','女','37012319980824381X','15688409124','2018-03-13','2018-03-14','2018-03-15','2018-03-16','正常离职',5000,'6.21723110300128e18','工行','无锡','安诺','500','已交','未入库',' ',' ','admin','2019-02-16 23:06:09',1),(67,4,'35468542','赵武','男','37012319980824381X','15688409124','2018-03-13','2018-03-14','2018-03-15','2018-03-16','正常离职',6000,'6.21723110300128e18','工行','无锡','安诺','500','已交','未入库',' ',' ','admin','2019-02-16 23:06:09',1),(68,4,'35468542','孙刘','女','37012319980824381X','15688409124','2018-03-13','2018-03-14','2018-03-15','2018-03-16','正常离职',4500,'6.21723110300128e18','工行','无锡','安诺','500','已交','未入库',' ',' ','admin','2019-02-16 23:06:09',1),(69,4,'35468542','邓超','男','37012319980824381X','15688409124','2018-03-13','2018-03-14','2018-03-15','2018-03-16','正常离职',1000,'6.21723110300128e18','工行','无锡','安诺','500','已交','未入库',' ',' ','admin','2019-02-16 23:06:09',1),(70,4,'35468542','孙斌','男','37012319980824381X','15688409124','2018-03-13','2018-03-14','2018-03-15','2018-03-16','正常离职',3500,'6.21723110300128e18','工行','无锡','安诺','500','已交','未入库',' ',' ','admin','2019-02-16 23:06:09',1),(71,4,'35468542','理想','女','37012319980824381X','15688409124','2018-03-13','2018-03-14','2018-03-15','2018-03-16','正常离职',2800,'6.21723110300128e18','工行','无锡','安诺','500','已交','未入库',' ',' ','admin','2019-02-16 23:06:09',1),(72,4,'35468542','其余','女','37012319980824381X','15688409124','2018-03-13','2018-03-14','2018-03-15','2018-03-16','正常离职',7500,'6.21723110300128e18','工行','无锡','安诺','500','已交','未入库',' ',' ','admin','2019-02-16 23:06:09',1),(73,4,'35468542','郝佳美','女','37012319980824381X','15688409124','2018-03-13','2018-03-14','2018-03-15','2018-03-16','正常离职',8500,'6.21723110300128e18','工行','无锡','安诺','500','已交','未入库',' ',' ','admin','2019-02-16 23:06:09',1),(74,5,'35468542','郝鹏航','男','37012319980824381X','15688409124','2018-03-13','2018-03-14','2018-03-15','2018-03-16','正常离职',5000,'6.21723110300128e18','工行','无锡','安诺','500','已交','未入库',' ',' ','admin','2019-02-16 23:18:04',1),(75,5,'35468542','李梅','女','37012319980824381X','15688409124','2018-03-13','2018-03-14','2018-03-15','2018-03-16','正常离职',6400,'6.21723110300128e18','工行','无锡','安诺','500','已交','未入库',' ',' ','admin','2019-02-16 23:18:04',1),(76,5,'35468542','张三','男','37012319980824381X','15688409124','2018-03-13','2018-03-14','2018-03-15','2018-03-16','正常离职',5000,'6.21723110300128e18','工行','无锡','安诺','500','已交','未入库',' ',' ','admin','2019-02-16 23:18:04',1),(77,5,'35468542','李四','女','37012319980824381X','15688409124','2018-03-13','2018-03-14','2018-03-15','2018-03-16','正常离职',5000,'6.21723110300128e18','工行','无锡','安诺','500','已交','未入库',' ',' ','admin','2019-02-16 23:18:04',1),(78,5,'35468542','赵武','男','37012319980824381X','15688409124','2018-03-13','2018-03-14','2018-03-15','2018-03-16','正常离职',6000,'6.21723110300128e18','工行','无锡','安诺','500','已交','未入库',' ',' ','admin','2019-02-16 23:18:04',1),(79,5,'35468542','孙刘','女','37012319980824381X','15688409124','2018-03-13','2018-03-14','2018-03-15','2018-03-16','正常离职',4500,'6.21723110300128e18','工行','无锡','安诺','500','已交','未入库',' ',' ','admin','2019-02-16 23:18:04',1),(80,5,'35468542','邓超','男','37012319980824381X','15688409124','2018-03-13','2018-03-14','2018-03-15','2018-03-16','正常离职',1000,'6.21723110300128e18','工行','无锡','安诺','500','已交','未入库',' ',' ','admin','2019-02-16 23:18:04',1),(81,5,'35468542','孙斌','男','37012319980824381X','15688409124','2018-03-13','2018-03-14','2018-03-15','2018-03-16','正常离职',3500,'6.21723110300128e18','工行','无锡','安诺','500','已交','未入库',' ',' ','admin','2019-02-16 23:18:04',1),(82,5,'35468542','理想','女','37012319980824381X','15688409124','2018-03-13','2018-03-14','2018-03-15','2018-03-16','正常离职',2800,'6.21723110300128e18','工行','无锡','安诺','500','已交','未入库',' ',' ','admin','2019-02-16 23:18:04',1),(83,5,'35468542','其余','女','37012319980824381X','15688409124','2018-03-13','2018-03-14','2018-03-15','2018-03-16','正常离职',7500,'6.21723110300128e18','工行','无锡','安诺','500','已交','未入库',' ',' ','admin','2019-02-16 23:18:04',1),(84,5,'35468542','郝佳美','女','37012319980824381X','15688409124','2018-03-13','2018-03-14','2018-03-15','2018-03-16','正常离职',8500,'6.21723110300128e18','工行','无锡','安诺','500','已交','未入库',' ',' ','admin','2019-02-16 23:18:04',1),(85,5,'35468542','郝鹏航','男','37012319980824381X','15688409124','2018-03-13','2018-03-14','2018-03-15','2018-03-16','正常离职',5000,'6.21723110300128e18','工行','无锡','安诺','500','已交','未入库',' ',' ','admin','2019-02-16 23:19:24',1),(86,5,'35468542','李梅','女','37012319980824381X','15688409124','2018-03-13','2018-03-14','2018-03-15','2018-03-16','正常离职',6400,'6.21723110300128e18','工行','无锡','安诺','500','已交','未入库',' ',' ','admin','2019-02-16 23:19:24',1),(87,5,'35468542','张三','男','37012319980824381X','15688409124','2018-03-13','2018-03-14','2018-03-15','2018-03-16','正常离职',5000,'6.21723110300128e18','工行','无锡','安诺','500','已交','未入库',' ',' ','admin','2019-02-16 23:19:24',1),(88,5,'35468542','李四','女','37012319980824381X','15688409124','2018-03-13','2018-03-14','2018-03-15','2018-03-16','正常离职',5000,'6.21723110300128e18','工行','无锡','安诺','500','已交','未入库',' ',' ','admin','2019-02-16 23:19:24',1),(89,5,'35468542','赵武','男','37012319980824381X','15688409124','2018-03-13','2018-03-14','2018-03-15','2018-03-16','正常离职',6000,'6.21723110300128e18','工行','无锡','安诺','500','已交','未入库',' ',' ','admin','2019-02-16 23:19:24',1),(90,5,'35468542','孙刘','女','37012319980824381X','15688409124','2018-03-13','2018-03-14','2018-03-15','2018-03-16','正常离职',4500,'6.21723110300128e18','工行','无锡','安诺','500','已交','未入库',' ',' ','admin','2019-02-16 23:19:24',1),(91,5,'35468542','邓超','男','37012319980824381X','15688409124','2018-03-13','2018-03-14','2018-03-15','2018-03-16','正常离职',1000,'6.21723110300128e18','工行','无锡','安诺','500','已交','未入库',' ',' ','admin','2019-02-16 23:19:24',1),(92,5,'35468542','孙斌','男','37012319980824381X','15688409124','2018-03-13','2018-03-14','2018-03-15','2018-03-16','正常离职',3500,'6.21723110300128e18','工行','无锡','安诺','500','已交','未入库',' ',' ','admin','2019-02-16 23:19:24',1),(93,5,'35468542','理想','女','37012319980824381X','15688409124','2018-03-13','2018-03-14','2018-03-15','2018-03-16','正常离职',2800,'6.21723110300128e18','工行','无锡','安诺','500','已交','未入库',' ',' ','admin','2019-02-16 23:19:24',1),(94,5,'35468542','其余','女','37012319980824381X','15688409124','2018-03-13','2018-03-14','2018-03-15','2018-03-16','正常离职',7500,'6.21723110300128e18','工行','无锡','安诺','500','已交','未入库',' ',' ','admin','2019-02-16 23:19:24',1),(95,5,'35468542','郝佳美','女','37012319980824381X','15688409124','2018-03-13','2018-03-14','2018-03-15','2018-03-16','正常离职',8500,'6.21723110300128e18','工行','无锡','安诺','500','已交','未入库',' ',' ','admin','2019-02-16 23:19:24',1);

/*Table structure for table `rosters` */

DROP TABLE IF EXISTS `rosters`;

CREATE TABLE `rosters` (
  `id` tinyint(11) NOT NULL AUTO_INCREMENT,
  `roster_name` varchar(50) NOT NULL COMMENT '花名册',
  `roster_pro_name` varchar(50) NOT NULL COMMENT '花名册对应项目',
  `create_time` timestamp NOT NULL DEFAULT CURRENT_TIMESTAMP ON UPDATE CURRENT_TIMESTAMP,
  `isdelete` tinyint(1) DEFAULT '1',
  PRIMARY KEY (`id`)
) ENGINE=InnoDB AUTO_INCREMENT=6 DEFAULT CHARSET=utf8mb4;

/*Data for the table `rosters` */

insert  into `rosters`(`id`,`roster_name`,`roster_pro_name`,`create_time`,`isdelete`) values (1,'花名册','花名册对应项目','2019-02-15 13:44:00',1),(2,'花名册','花名册对应项目','2019-02-15 13:46:48',1),(3,'海斯维','蓝拓','2019-02-15 13:49:18',1),(4,'海斯维1','智德','2019-02-15 13:52:10',1),(5,'海斯维2','智德1','2019-02-15 22:08:36',1);

/*Table structure for table `sort` */

DROP TABLE IF EXISTS `sort`;

CREATE TABLE `sort` (
  `id` int(10) unsigned NOT NULL AUTO_INCREMENT COMMENT '主键',
  `sort_name` char(50) NOT NULL DEFAULT '' COMMENT '分类名称',
  `parent_id` int(10) unsigned NOT NULL DEFAULT '0' COMMENT '分类父ID',
  `sort_type` char(10) NOT NULL DEFAULT '' COMMENT '分类类别（可定制成新闻、文章、教程等）',
  PRIMARY KEY (`id`)
) ENGINE=InnoDB AUTO_INCREMENT=3 DEFAULT CHARSET=utf8 COMMENT='文章分类表';

/*Data for the table `sort` */

insert  into `sort`(`id`,`sort_name`,`parent_id`,`sort_type`) values (1,'新闻',0,'新闻'),(2,'娱乐',0,'article');

/*Table structure for table `upload` */

DROP TABLE IF EXISTS `upload`;

CREATE TABLE `upload` (
  `id` int(10) unsigned NOT NULL AUTO_INCREMENT COMMENT '主键',
  `user_id` int(10) unsigned NOT NULL DEFAULT '0' COMMENT '用户ID',
  `file_name` char(100) NOT NULL DEFAULT '' COMMENT '文件名称',
  `file_path` char(200) NOT NULL DEFAULT '' COMMENT '文件路径',
  `mime_type` char(50) NOT NULL DEFAULT '' COMMENT '文件类型',
  `file_size` int(10) unsigned NOT NULL DEFAULT '0' COMMENT '文件大小KB',
  `is_delete` tinyint(1) NOT NULL DEFAULT '0' COMMENT '是否删除',
  `create_time` datetime NOT NULL COMMENT '上传时间',
  PRIMARY KEY (`id`),
  KEY `user_id` (`user_id`) USING BTREE
) ENGINE=InnoDB AUTO_INCREMENT=3 DEFAULT CHARSET=utf8 COMMENT='上传列表';

/*Data for the table `upload` */

insert  into `upload`(`id`,`user_id`,`file_name`,`file_path`,`mime_type`,`file_size`,`is_delete`,`create_time`) values (1,1,'grid_img.png','dist\\upFile\\1550194033313.png','image/png',41332,0,'2019-02-15 09:27:13'),(2,1,'05fd25a3-c692-4458-b484-fb23cfaf87c4.jpg','dist\\upFile\\1550296081346.jpg','image/jpeg',21149,0,'2019-02-16 13:48:01');

/*Table structure for table `user` */

DROP TABLE IF EXISTS `user`;

CREATE TABLE `user` (
  `id` tinyint(10) NOT NULL AUTO_INCREMENT,
  `user_name` varchar(50) NOT NULL,
  `pass_word` varchar(128) NOT NULL,
  `user_type` tinyint(1) NOT NULL DEFAULT '0' COMMENT '用户类型 0:未审核用户;1:超级管理员;2:普通管理员;3:VIP用户;4:普通用户',
  `user_email` varchar(128) NOT NULL,
  `create_time` datetime NOT NULL,
  `login_ip` varchar(15) NOT NULL,
  `update_time` datetime NOT NULL,
  `user_pic` varchar(255) DEFAULT NULL,
  `user_extend` text,
  PRIMARY KEY (`id`)
) ENGINE=InnoDB AUTO_INCREMENT=2 DEFAULT CHARSET=utf8;

/*Data for the table `user` */

insert  into `user`(`id`,`user_name`,`pass_word`,`user_type`,`user_email`,`create_time`,`login_ip`,`update_time`,`user_pic`,`user_extend`) values (1,'admin','123456qa',1,'123@qq.com','2019-02-15 08:46:22','127.0.0.1','2019-02-15 08:47:00',NULL,NULL);

/*!40101 SET SQL_MODE=@OLD_SQL_MODE */;
/*!40014 SET FOREIGN_KEY_CHECKS=@OLD_FOREIGN_KEY_CHECKS */;
/*!40014 SET UNIQUE_CHECKS=@OLD_UNIQUE_CHECKS */;
/*!40111 SET SQL_NOTES=@OLD_SQL_NOTES */;
